{
  "project_info": {
    "project_number": "804878446304",
    "firebase_url": "https://netfilmsapp.firebaseio.com",
    "project_id": "netfilmsapp",
    "storage_bucket": "netfilmsapp.appspot.com"
  },
  "client": [
    {
      "client_info": {
        "mobilesdk_app_id": "1:804878446304:android:c4b0481164a0d1cacd2a85",
        "android_client_info": {
          "package_name": "com.lamesa.netfilms"
        }
      },
      "oauth_client": [
        {
          "client_id": "804878446304-n9u8hjme1pki8arn0ukl83k9gc9tuunk.apps.googleusercontent.com",
          "client_type": 1,
          "android_info": {
            "package_name": "com.lamesa.netfilms",
            "certificate_hash": "47cca3679114ee5b4aa7128ae630dfb2758870f7"
          }
        },
        {
          "client_id": "804878446304-5c9kaevfedhq5ial72nts2u2obt6is7s.apps.googleusercontent.com",
          "client_type": 3
        }
      ],
      "api_key": [
        {
          "current_key": "AIzaSyAqJd1fdn5eoNttHlS92zeeABUI-tEyPFs"
        }
      ],
      "services": {
        "appinvite_service": {
          "other_platform_oauth_client": [
            {
              "client_id": "804878446304-5c9kaevfedhq5ial72nts2u2obt6is7s.apps.googleusercontent.com",
              "client_type": 3
            }
          ]
        }
      }
    }
  ],
  "configuration_version": "1"
}